A2KSAAQBU5R0F6:3JC6VJ2SABJMCUAH123Q790SVMD5A1,age,30
A2KSAAQBU5R0F6:3JC6VJ2SABJMCUAH123Q790SVMD5A1,sex,Male
A2QIZ31TMHU0GD:3HWRJOOET52Q89P4T3IKW30BULMSEO,age,29
A2QIZ31TMHU0GD:3HWRJOOET52Q89P4T3IKW30BULMSEO,sex,Male
A3VTW0XT1KY8GD:3I0BTBYZAXLOD5MJK2BUT0M8H54Y0I,age,18
A3VTW0XT1KY8GD:3I0BTBYZAXLOD5MJK2BUT0M8H54Y0I,sex,Male
A2NLAKN6UQK125:32SVAV9L3F9JYFNDNJFXSC28HQM3A9,age,27
A2NLAKN6UQK125:32SVAV9L3F9JYFNDNJFXSC28HQM3A9,sex,Female
A1AJPTSML2X7B:3UNH76FOCS5LGJTQ97YSRXTLK85YMT,age,25
A1AJPTSML2X7B:3UNH76FOCS5LGJTQ97YSRXTLK85YMT,sex,Male
A200NV0C7HGET2:3SNLUL3WO4NKTSR0ZU0OOZ8JOGZLUD,age,22
A200NV0C7HGET2:3SNLUL3WO4NKTSR0ZU0OOZ8JOGZLUD,sex,Male
A2IRBZJJEB9P5E:3IXEICO792JNAU94CL4CUK4KF7H6TD,age,39
A2IRBZJJEB9P5E:3IXEICO792JNAU94CL4CUK4KF7H6TD,sex,Female
A3BWF4LL3X9V22:3H7Z272LX7771NJ4I81UETLKG4XLPH,age,29
A3BWF4LL3X9V22:3H7Z272LX7771NJ4I81UETLKG4XLPH,sex,Female
A10F0OVV7A0U74:3AAJC4I4FGSVK1XA2WNJPCA6MEUZJ9,age,39
A10F0OVV7A0U74:3AAJC4I4FGSVK1XA2WNJPCA6MEUZJ9,sex,Male
A1R9PH4LOMKZ13:3JV9LGBJWTE9UVT2SHRZC1BMAJBGON,age,37
A1R9PH4LOMKZ13:3JV9LGBJWTE9UVT2SHRZC1BMAJBGON,sex,Male
A2LLFJURME73XE:3OF2M9AATGOQVL3SKHNVQRAJ13UZK8,age,53
A2LLFJURME73XE:3OF2M9AATGOQVL3SKHNVQRAJ13UZK8,sex,Male
A250FES5PFCGK9:3TR2532VIPUTWRDZ0RQ8SEHBHBZJ66,age,36
A250FES5PFCGK9:3TR2532VIPUTWRDZ0RQ8SEHBHBZJ66,sex,Male
A17RK2WDBXEJCV:3RKNTXVS3MY4GB6HNXKG2HUEVXY4AP,age,44
A17RK2WDBXEJCV:3RKNTXVS3MY4GB6HNXKG2HUEVXY4AP,sex,Female
A1AQQFJAF8CI4H:33SA9F9TRXUJFQ6DD8SLTS3W04UWEV,age,33
A1AQQFJAF8CI4H:33SA9F9TRXUJFQ6DD8SLTS3W04UWEV,sex,Male
A1F1OZ54G177D8:3JJVG1YBEBXRV4F97G3M2KKYDBEB5W,age,44
A1F1OZ54G177D8:3JJVG1YBEBXRV4F97G3M2KKYDBEB5W,sex,Male
AYPOAY43REHC8:34MAJL3QP4N4WQ7WEI56F9G8PNB43Y,age,51
AYPOAY43REHC8:34MAJL3QP4N4WQ7WEI56F9G8PNB43Y,sex,Female
A3J2CI4J5V3MLP:3X65QVEQI0NO7YA0D3FOUTMDHMLCLZ,age,31
A3J2CI4J5V3MLP:3X65QVEQI0NO7YA0D3FOUTMDHMLCLZ,sex,Male
A28LPPFS7FW2SD:3TOK3KHVJTIQ12I1ZEN56OYTBGZ7OI,age,50
A28LPPFS7FW2SD:3TOK3KHVJTIQ12I1ZEN56OYTBGZ7OI,sex,Male
AY9ZVK32I1P1L:35K3O9HUABDH44KINJILP4HW52CFEQ,age,43
AY9ZVK32I1P1L:35K3O9HUABDH44KINJILP4HW52CFEQ,sex,Female
A2ETY1O927Z1IF:30JNVC0OR9KQF31TR01LM6IN4KDHQ2,age,29
A2ETY1O927Z1IF:30JNVC0OR9KQF31TR01LM6IN4KDHQ2,sex,Male
AWTGJ45ZWUCHH:3K2755HG5S3CCY6IRO71JMZB5QBFDX,age,26
AWTGJ45ZWUCHH:3K2755HG5S3CCY6IRO71JMZB5QBFDX,sex,Female
AA8PZKO9XGCKO:3OWEPKL089C8JHIPYZNSRZYOL6U7N3,age,26
AA8PZKO9XGCKO:3OWEPKL089C8JHIPYZNSRZYOL6U7N3,sex,Female
AG2S21EJEXCZ9:3MAOD8E57QA2YWOGGCRQLYBCNZ8XNN,age,31
AG2S21EJEXCZ9:3MAOD8E57QA2YWOGGCRQLYBCNZ8XNN,sex,Female
A2PU5SXDRM128T:37M28K1J0QDUJTP2Q47K8JJXDUVAJT,age,51
A2PU5SXDRM128T:37M28K1J0QDUJTP2Q47K8JJXDUVAJT,sex,Female
A2YVC1U50H2B4R:3OJSZ2ATDSW4TSCJUZR6XIY2ULN756,age,30
A2YVC1U50H2B4R:3OJSZ2ATDSW4TSCJUZR6XIY2ULN756,sex,Female
A34SFKLLLVZHGW:3Z7VU45IPYHOPKH6C7HDLCEKSYA1ZP,age,32
A34SFKLLLVZHGW:3Z7VU45IPYHOPKH6C7HDLCEKSYA1ZP,sex,Female
A18G2CLYSTENK:358010RM5ETF61XPI3DHVF5P92XXVR,age,29
A18G2CLYSTENK:358010RM5ETF61XPI3DHVF5P92XXVR,sex,Male
A38C75ASWQXR5:3C44YUNSI1PO3BVC5R36VGDF7WKDPK,age,39
A38C75ASWQXR5:3C44YUNSI1PO3BVC5R36VGDF7WKDPK,sex,Male
A3Q0XAGQ7TD7MP:3JPSL1DZ5SZQ2JGN52ZC1Q0EMEQNA0,age,48
A3Q0XAGQ7TD7MP:3JPSL1DZ5SZQ2JGN52ZC1Q0EMEQNA0,sex,Female
A22ON3MIIG0IJA:3GM6G9ZBKNXPZXUWZ1BTJG165DXTMN,age,38
A22ON3MIIG0IJA:3GM6G9ZBKNXPZXUWZ1BTJG165DXTMN,sex,Male
A2MYJ7ZXXVRLLN:3IUZPWIU1O7M1QYN9U3ORNG1K2OWKF,age,26
A2MYJ7ZXXVRLLN:3IUZPWIU1O7M1QYN9U3ORNG1K2OWKF,sex,Female
A2GHMAPJHOF07G:3M81GAB8A0JGOQY7R8RP0VFP97YBQ6,age,26
A2GHMAPJHOF07G:3M81GAB8A0JGOQY7R8RP0VFP97YBQ6,sex,Male
A1RH3X41J9J05R:3FFJ6VRIL1O2N57EGKPR7CSKRTK0I6,age,52
A1RH3X41J9J05R:3FFJ6VRIL1O2N57EGKPR7CSKRTK0I6,sex,Male
A2JIY3NSLQJWAE:32AT8R96GL97X5MQJ3XP0LMEGGSSUV,age,26
A2JIY3NSLQJWAE:32AT8R96GL97X5MQJ3XP0LMEGGSSUV,sex,Female
A2HHOH92TCP7WA:3C44YUNSI1PO3BVC5R36VGDF7WKDPK,age,29
A2HHOH92TCP7WA:3C44YUNSI1PO3BVC5R36VGDF7WKDPK,sex,Female
AD6FEEQSW8PRE:39LOEL67OS55FRUYQLVJWLWDRA3382,age,26
AD6FEEQSW8PRE:39LOEL67OS55FRUYQLVJWLWDRA3382,sex,Female
AKQPDAOVGFB91:3KYQYYSHYV76IBJBQRQR6G8PXRODO3,age,26
AKQPDAOVGFB91:3KYQYYSHYV76IBJBQRQR6G8PXRODO3,sex,Male
A39XIQCFSCNHFU:34X6J5FLPTYM69WJF046YJY2HDCQJD,age,24
A39XIQCFSCNHFU:34X6J5FLPTYM69WJF046YJY2HDCQJD,sex,Male
AJ7NSZOAFP05U:308XBLVESI4G0RD74NGP5LPU5T0BR7,age,21
AJ7NSZOAFP05U:308XBLVESI4G0RD74NGP5LPU5T0BR7,sex,Male
A16VVUOYE2BK22:373ERPL3YO8GWD7O497A5FVGB15TRM,age,29
A16VVUOYE2BK22:373ERPL3YO8GWD7O497A5FVGB15TRM,sex,Male
A1Q177PL0ZMKD:3EICBYG644WIC8M0AI3BEE9LDX6JCU,age,32
A1Q177PL0ZMKD:3EICBYG644WIC8M0AI3BEE9LDX6JCU,sex,Male
A3S9TWLABM8ZGL:3WMOAN2SRBXAU7JLGXQ8XDER7ONVN5,age,32
A3S9TWLABM8ZGL:3WMOAN2SRBXAU7JLGXQ8XDER7ONVN5,sex,Male
A1YEKEYDH0ZQN7:39JEC7537U1R33MUR7HUH2KF8KFCVA,age,53
A1YEKEYDH0ZQN7:39JEC7537U1R33MUR7HUH2KF8KFCVA,sex,Male
A3THEQDQGU5GJ1:3AZHRG4CU4KNX2PVVHI436QV8CX03I,age,33
A3THEQDQGU5GJ1:3AZHRG4CU4KNX2PVVHI436QV8CX03I,sex,Female
A2VFEDAK5C1E1O:3DZQRBDBSLFNYB974J1ODCWE34IS3Z,age,37
A2VFEDAK5C1E1O:3DZQRBDBSLFNYB974J1ODCWE34IS3Z,sex,Male
A3L8LSM7V7KX3T:3FFJ6VRIL1O2N57EGKPR7CSKRUWI02,age,37
A3L8LSM7V7KX3T:3FFJ6VRIL1O2N57EGKPR7CSKRUWI02,sex,Male
A2KR0B9H93THZS:3VA45EW49NNCQG3ZAY6W5E7G8V1O16,age,20
A2KR0B9H93THZS:3VA45EW49NNCQG3ZAY6W5E7G8V1O16,sex,Female
A3L2UB07EZJAMD:3X65QVEQI0NO7YA0D3FOUTMDHNNCL3,age,50
A3L2UB07EZJAMD:3X65QVEQI0NO7YA0D3FOUTMDHNNCL3,sex,Male
ALUI6G00UX2IT:3JC6VJ2SABJMCUAH123Q790SVU2A5B,age,35
ALUI6G00UX2IT:3JC6VJ2SABJMCUAH123Q790SVU2A5B,sex,Male
ADGH08WUP68ZF:354P56DE9K35ZUAU6V4EQT8U864S74,age,24
ADGH08WUP68ZF:354P56DE9K35ZUAU6V4EQT8U864S74,sex,Female
ABZ1LM3J8REE6:3IHR8NYAM71B3FCJCG2DSCJ9UK7P41,age,58
ABZ1LM3J8REE6:3IHR8NYAM71B3FCJCG2DSCJ9UK7P41,sex,Male
A3LC6M2EMDBBXP:3BF51CHDTVA2RAWUA27670R5RHB0HL,age,28
A3LC6M2EMDBBXP:3BF51CHDTVA2RAWUA27670R5RHB0HL,sex,Female
A3VD9VK9NLEVMN:3Q8GYXHFEP2A597FLGZHD4QGVXO5C9,age,26
A3VD9VK9NLEVMN:3Q8GYXHFEP2A597FLGZHD4QGVXO5C9,sex,Male
A2SSTHMYQU3ITB:36W0OB37HWEZTV2KEWKYDZUR9O0HZ0,age,69
A2SSTHMYQU3ITB:36W0OB37HWEZTV2KEWKYDZUR9O0HZ0,sex,Male
AEIIVFPRTDGMK:3JCG6DTRV3Q3SW0WAQOFVKAOV8BQQB,age,33
AEIIVFPRTDGMK:3JCG6DTRV3Q3SW0WAQOFVKAOV8BQQB,sex,Female
A2B227N1NQYS56:3GU1KF0O4I1VOEXSRVC00QPF4CRPBA,age,32
A2B227N1NQYS56:3GU1KF0O4I1VOEXSRVC00QPF4CRPBA,sex,Male
A2GKN52YJ2MEPZ:32RIADZISS48G7SB4X67NHOKH4ES4K,age,36
A2GKN52YJ2MEPZ:32RIADZISS48G7SB4X67NHOKH4ES4K,sex,Male
A12KFSO8SRIJ0J:37QW5D2ZRGM9Z8FDG0WK4T4PJQFS8W,age,40
A12KFSO8SRIJ0J:37QW5D2ZRGM9Z8FDG0WK4T4PJQFS8W,sex,Male
A1I1Z5HLH9T9UX:37QW5D2ZRGM9Z8FDG0WK4T4PJQE8SB,age,34
A1I1Z5HLH9T9UX:37QW5D2ZRGM9Z8FDG0WK4T4PJQE8SB,sex,Male
A1K0NG4K8VG7E:38YMOXR4MUZF2BDY7Q9NH4BJJ8LW6T,age,18
A1K0NG4K8VG7E:38YMOXR4MUZF2BDY7Q9NH4BJJ8LW6T,sex,Male
A3O4VPJT4GOBMB:3300DTYQT2HEVTAR1ZTF13LAC5SQE4,age,33
A3O4VPJT4GOBMB:3300DTYQT2HEVTAR1ZTF13LAC5SQE4,sex,Male
A10XW6SNPNQX16:3WMINLGALB37BFJWGCQYLF62NBXACS,age,34
A10XW6SNPNQX16:3WMINLGALB37BFJWGCQYLF62NBXACS,sex,Female
A17MUXOICSH29I:3FE2ERCCZX8F78M1V0HM6APEBBGPOK,age,26
A17MUXOICSH29I:3FE2ERCCZX8F78M1V0HM6APEBBGPOK,sex,Male
A2L26DMSVUEDP6:3I2PTA7R3TUHHT21XL4IZYYFW2SQKS,age,44
A2L26DMSVUEDP6:3I2PTA7R3TUHHT21XL4IZYYFW2SQKS,sex,Male
AXNPHDXV1GK6Y:3HFNH7HEMHECF76I7UJ3166MPLBQGP,age,28
AXNPHDXV1GK6Y:3HFNH7HEMHECF76I7UJ3166MPLBQGP,sex,Male
AJM4334V07JDQ:39N5ACM9HENC0LIVTBY49KUPGCUP96,age,39
AJM4334V07JDQ:39N5ACM9HENC0LIVTBY49KUPGCUP96,sex,Male
A1KTPYX40PRLVW:3180JW2OT4CXDNDLV8G3083BLH5J59,age,30
A1KTPYX40PRLVW:3180JW2OT4CXDNDLV8G3083BLH5J59,sex,Female
A3R6YVZL7KNSSA:3TK8OJTYM1LAXSVYWC3012JM74DVPS,age,35
A3R6YVZL7KNSSA:3TK8OJTYM1LAXSVYWC3012JM74DVPS,sex,Male
A35U2XAPA429W7:3NG53N1RLVJCMGZLOJSQ9OZEW6D8P1,age,21
A35U2XAPA429W7:3NG53N1RLVJCMGZLOJSQ9OZEW6D8P1,sex,Female
AR3KLO7WU84JJ:3YMU66OBIN8Z2E7FO4W9SSELYYGGHK,age,25
AR3KLO7WU84JJ:3YMU66OBIN8Z2E7FO4W9SSELYYGGHK,sex,Male
A32IYSFNRLTVXD:34Z02EIMISDSWJNPAWOVLJUT2BLT03,age,25
A32IYSFNRLTVXD:34Z02EIMISDSWJNPAWOVLJUT2BLT03,sex,Male
A1PEUJ23G02GUZ:3LOTDFNYA7ZBL4698JCRBAOWC7SFWJ,age,33
A1PEUJ23G02GUZ:3LOTDFNYA7ZBL4698JCRBAOWC7SFWJ,sex,Female
A2G4PA35IX5RIA:3LEP4MGT3G0MZHU2MML50W8QQTUDBQ,age,30
A2G4PA35IX5RIA:3LEP4MGT3G0MZHU2MML50W8QQTUDBQ,sex,Male
A3QTXVMA9P3V2F:38JBBYETQOA76ONT32M2Y0K5GDEE4E,age,28
A3QTXVMA9P3V2F:38JBBYETQOA76ONT32M2Y0K5GDEE4E,sex,Male
A16SAB417Y96G4:3WOKGM4L71GCJRIHEF2WR9O63370OR,age,30
A16SAB417Y96G4:3WOKGM4L71GCJRIHEF2WR9O63370OR,sex,Male
A2JPGLBWQ1X49G:3AWETUDC92SZPQD4KE2JDBV691UIZ9,age,29
A2JPGLBWQ1X49G:3AWETUDC92SZPQD4KE2JDBV691UIZ9,sex,Male
A2PO2T1BGQK5IQ:3HHRAGRYX85UFL6UEBLPKKPZ6759OG,age,18
A2PO2T1BGQK5IQ:3HHRAGRYX85UFL6UEBLPKKPZ6759OG,sex,Male
A2NWE1P2HMDELQ:3Z2R0DQ0JHEX3A86ZO3E5LN7WZP2ED,age,36
A2NWE1P2HMDELQ:3Z2R0DQ0JHEX3A86ZO3E5LN7WZP2ED,sex,Female
A2I0ANKY20XQRX:34V1S5K3GS14QF0QEFZV3K38L7F69S,age,42
A2I0ANKY20XQRX:34V1S5K3GS14QF0QEFZV3K38L7F69S,sex,Male
A1HCD5NKP8G2KK:36NEMU28XFDHREYQU6G46085987MW0,age,51
A1HCD5NKP8G2KK:36NEMU28XFDHREYQU6G46085987MW0,sex,Female
ALDQRWYZ8KQ9A:3Z7VU45IPYHOPKH6C7HDLCEKSZPZ14,age,40
ALDQRWYZ8KQ9A:3Z7VU45IPYHOPKH6C7HDLCEKSZPZ14,sex,Male
A20SL254675EOK:3XXU1SWE8MVNHNOG4WXEQE41EMCA0B,age,25
A20SL254675EOK:3XXU1SWE8MVNHNOG4WXEQE41EMCA0B,sex,Male
AHJY77ODGYJ69:3KV0LJBBH2LCJIH4VC6YJ10OHT1MR6,age,41
AHJY77ODGYJ69:3KV0LJBBH2LCJIH4VC6YJ10OHT1MR6,sex,Female
A1ODA3Q5H6HTDQ:3XM0HYN6NKZTVH9C1MEQ1YV079MPES,age,28
A1ODA3Q5H6HTDQ:3XM0HYN6NKZTVH9C1MEQ1YV079MPES,sex,Female
AKN6YZWA3XPWZ:3JW0YLFXRTGDWQS4Y8MRFYAW7AUWWA,age,28
AKN6YZWA3XPWZ:3JW0YLFXRTGDWQS4Y8MRFYAW7AUWWA,sex,Male
A3MD34XEB4H6JF:31QTRG6Q2TDR1MQ31NQK81NGPLTYPI,age,51
A3MD34XEB4H6JF:31QTRG6Q2TDR1MQ31NQK81NGPLTYPI,sex,Female
AM2KK02JXXW48:3HUTX6F6VUNJF1LVT26AAXHL015O2D,age,41
AM2KK02JXXW48:3HUTX6F6VUNJF1LVT26AAXHL015O2D,sex,Male
A3696JXTRKL2FI:3DQQ64TANGLNCHV3MM8WN420EEXPWG,age,27
A3696JXTRKL2FI:3DQQ64TANGLNCHV3MM8WN420EEXPWG,sex,Male
A1PPGTZ7U838XJ:3M1CVSFP605B5GTFLURT5KVJRRGQAX,age,39
A1PPGTZ7U838XJ:3M1CVSFP605B5GTFLURT5KVJRRGQAX,sex,Male
A2G4G3QXFP4WSZ:3OJSZ2ATDSW4TSCJUZR6XIY2UNN75A,age,35
A2G4G3QXFP4WSZ:3OJSZ2ATDSW4TSCJUZR6XIY2UNN75A,sex,Male
AMZKHOIOMIZHF:3VNXK88KKCIP55FRFN73FCJ721D9VV,age,28
AMZKHOIOMIZHF:3VNXK88KKCIP55FRFN73FCJ721D9VV,sex,Female
AG7C4X3WKKBV:3LEIZ60CDJZ6EPK1GKW60IW3QBD9ZN,age,27
AG7C4X3WKKBV:3LEIZ60CDJZ6EPK1GKW60IW3QBD9ZN,sex,Male
A2EB184NAN25BJ:3S96KQ6I9M4MV3OJM8CQ0QECW1DDT1,age,28
A2EB184NAN25BJ:3S96KQ6I9M4MV3OJM8CQ0QECW1DDT1,sex,Male
A2DVJ6OMVVYTC7:3HSYG7LRBJYV6Q46KGKL3CM6XXIKKE,age,29
A2DVJ6OMVVYTC7:3HSYG7LRBJYV6Q46KGKL3CM6XXIKKE,sex,Male
A2MDFKOD2G3R4D:3I33IC7ZWF2UDXRUJJ1S92XGBL22AV,age,38
A2MDFKOD2G3R4D:3I33IC7ZWF2UDXRUJJ1S92XGBL22AV,sex,Female
A2H2NAJOO8UZMY:32SCWG5HIH4PI2GXV4VSPA3NQC6P6H,age,24
A2H2NAJOO8UZMY:32SCWG5HIH4PI2GXV4VSPA3NQC6P6H,sex,Male
A3VP27UUQ34OXK:3N8OEVH1FRQXM8A0G047HAKO175OOP,age,55
A3VP27UUQ34OXK:3N8OEVH1FRQXM8A0G047HAKO175OOP,sex,Female
ALVNLAB9WP9I4:39U1BHVTDLRODBMMTJ6ENHS05OT3TY,age,56
ALVNLAB9WP9I4:39U1BHVTDLRODBMMTJ6ENHS05OT3TY,sex,Female
ACM87U430O96Z:3G0WWMR1UVKIPZN4UYWYRQFJQYKQNM,age,28
ACM87U430O96Z:3G0WWMR1UVKIPZN4UYWYRQFJQYKQNM,sex,Female
A1KM8AW99FFRFZ:3TPZPLC3M0CQLJTFC2XUI7R3GL83PT,age,36
A1KM8AW99FFRFZ:3TPZPLC3M0CQLJTFC2XUI7R3GL83PT,sex,Male
A3UAD8T88XUPI4:3ATPCQ38J8AKEIK1C48NI6YLQ02YAD,age,19
A3UAD8T88XUPI4:3ATPCQ38J8AKEIK1C48NI6YLQ02YAD,sex,Male
A16SJ5D3DKUEXJ:32M8BPYGATMZY9IZUMEUS4F0YCHIG3,age,37
A16SJ5D3DKUEXJ:32M8BPYGATMZY9IZUMEUS4F0YCHIG3,sex,Female
A2Z6NL0CTXY0ZB:3JNQLM5FT4MB9GIYGAQIIGDR5X6L21,age,38
A2Z6NL0CTXY0ZB:3JNQLM5FT4MB9GIYGAQIIGDR5X6L21,sex,Female
AH31QLJ57XC8W:3X08E93BHVIH8WYSG8WJJAC6V7K66W,age,33
AH31QLJ57XC8W:3X08E93BHVIH8WYSG8WJJAC6V7K66W,sex,Female
A1UKXJZXPW83FO:3TE22NPXPBCPEMQ0EWAPPE8E3PA44Q,age,31
A1UKXJZXPW83FO:3TE22NPXPBCPEMQ0EWAPPE8E3PA44Q,sex,Female
A2V3JF5LEL7L7U:3V26SBZTBDELKG2EKIQ5D6YW5FGZZ9,age,68
A2V3JF5LEL7L7U:3V26SBZTBDELKG2EKIQ5D6YW5FGZZ9,sex,Female
A10W7JGDVCURZN:3634BBTX0OUTK9M4J28CAJFOXXLFI5,age,26
A10W7JGDVCURZN:3634BBTX0OUTK9M4J28CAJFOXXLFI5,sex,Male
A3FUTSFH39MJA5:32AT8R96GL97X5MQJ3XP0LMEGI2SU9,age,32
A3FUTSFH39MJA5:32AT8R96GL97X5MQJ3XP0LMEGI2SU9,sex,Male
A1SNC8UL8YFRH5:3U088ZLJVKTKO0RJ51T6831S66QW0L,age,27
A1SNC8UL8YFRH5:3U088ZLJVKTKO0RJ51T6831S66QW0L,sex,Male
A3F51C49T9A34D:3IAS3U3I0FGZW7WMPX1O4DHMT3W2BZ,age,52
A3F51C49T9A34D:3IAS3U3I0FGZW7WMPX1O4DHMT3W2BZ,sex,Male
A141QUHWYCE2E:336YQZE83VENEVJ6Y5TVG0VSPCT5MU,age,28
A141QUHWYCE2E:336YQZE83VENEVJ6Y5TVG0VSPCT5MU,sex,Male
A2FYOODQB0AHWX:3TMSXRD2X60KVPC11KX6M8K2BY11WY,age,24
A2FYOODQB0AHWX:3TMSXRD2X60KVPC11KX6M8K2BY11WY,sex,Female
A5P78B8P70TOJ:3ATPCQ38J8AKEIK1C48NI6YLQ0AAYX,age,47
A5P78B8P70TOJ:3ATPCQ38J8AKEIK1C48NI6YLQ0AAYX,sex,Male
A3BNEHTXMZB3VN:34FNN24DCM9N8C8KH8H6AVIZYMCY5I,age,29
A3BNEHTXMZB3VN:34FNN24DCM9N8C8KH8H6AVIZYMCY5I,sex,Female
A3NMQ3019X6YE0:39GXDJN2OTEPR0WHAV1PFGOWIVDV8A,age,40
A3NMQ3019X6YE0:39GXDJN2OTEPR0WHAV1PFGOWIVDV8A,sex,Female
AC8ETQXPDRR6P:3U84XHCDICD5HJEPZP0FJALN4KRZ4B,age,34
AC8ETQXPDRR6P:3U84XHCDICD5HJEPZP0FJALN4KRZ4B,sex,Female
A34DR0CVUBDL1N:3XCC1ODXDLB34XFWN5DF0AKTRVTQRU,age,37
A34DR0CVUBDL1N:3XCC1ODXDLB34XFWN5DF0AKTRVTQRU,sex,Female
A2E3TO92MCQ9XU:3KXIR214I4GFB8BDAIR1WZBGJBV249,age,35
A2E3TO92MCQ9XU:3KXIR214I4GFB8BDAIR1WZBGJBV249,sex,Male
AQ9Y6WD8O72ZC:3H7XDTSHKCRHZ424J3I9TVO8DN4GWX,age,28
AQ9Y6WD8O72ZC:3H7XDTSHKCRHZ424J3I9TVO8DN4GWX,sex,Female
AZ69TBTDH7AZS:369J354OFDAJ5PNYSL55V1PVPLB6GM,age,25
AZ69TBTDH7AZS:369J354OFDAJ5PNYSL55V1PVPLB6GM,sex,Male
A16335MOISDG1F:3634BBTX0OUTK9M4J28CAJFOXXBFIV,age,34
A16335MOISDG1F:3634BBTX0OUTK9M4J28CAJFOXXBFIV,sex,Male
A1K0S514CEY1UG:3WQQ9FUS6AUAIMYB5EAPE4UPFNI8B6,age,28
A1K0S514CEY1UG:3WQQ9FUS6AUAIMYB5EAPE4UPFNI8B6,sex,Female
A3L0DCUXI7X3A9:3PPTZCWALQKC6O1NXM7SMDMS0WPQZ4,age,45
A3L0DCUXI7X3A9:3PPTZCWALQKC6O1NXM7SMDMS0WPQZ4,sex,Male
A2541C8MY0BYV3:326O153BMIYK6K6MWDNV14EBTBSEDI,age,29
A2541C8MY0BYV3:326O153BMIYK6K6MWDNV14EBTBSEDI,sex,Male
AVSLRTQLC2XK4:3R08VXYT7CVY6BR3Q0EFNIBFE4TW7M,age,21
AVSLRTQLC2XK4:3R08VXYT7CVY6BR3Q0EFNIBFE4TW7M,sex,Male
A2THVM1VML386J:3I3WADAZ9Q4BEY4IBL8884KXKW05O5,age,36
A2THVM1VML386J:3I3WADAZ9Q4BEY4IBL8884KXKW05O5,sex,Male
A2DVV59R1CQU6T:3XM0HYN6NKZTVH9C1MEQ1YV07UVPE7,age,28
A2DVV59R1CQU6T:3XM0HYN6NKZTVH9C1MEQ1YV07UVPE7,sex,Male
A1ROEDVMTO9Y3X:3570Y55XZPJLO9X4Y40XES9OOFCYGQ,age,49
A1ROEDVMTO9Y3X:3570Y55XZPJLO9X4Y40XES9OOFCYGQ,sex,Female
A89R5XGMHOTJE:3OS4RQUCR9FJX18YDSGVOWBB2RVBFQ,age,24
A89R5XGMHOTJE:3OS4RQUCR9FJX18YDSGVOWBB2RVBFQ,sex,Female
AG1BNU31ZP490:3FDJT1UU748SO7J3DTGF1N3O0RR5KM,age,45
AG1BNU31ZP490:3FDJT1UU748SO7J3DTGF1N3O0RR5KM,sex,Female
A3PV3QBXXQ7ASS:3X65QVEQI0NO7YA0D3FOUTMDH8HLCC,age,23
A3PV3QBXXQ7ASS:3X65QVEQI0NO7YA0D3FOUTMDH8HLCC,sex,Male
A321YWMP74ULKH:3ZSY5X72NXB0JL2G8SLBB5PTCEPRO5,age,29
A321YWMP74ULKH:3ZSY5X72NXB0JL2G8SLBB5PTCEPRO5,sex,Male
A1TD4CM1NKIQ65:3DI28L7YXAEQEPQAGK3002D24EPE1S,age,32
A1TD4CM1NKIQ65:3DI28L7YXAEQEPQAGK3002D24EPE1S,sex,Female
AMHIFT0KIK0BG:3Y9N9SS8LYBHWMQP7T6ZIDAE2M23DG,age,31
AMHIFT0KIK0BG:3Y9N9SS8LYBHWMQP7T6ZIDAE2M23DG,sex,Male
A2XMFTY9WB05U6:374TNBHA8BVC1YRI105986DQU2LQYD,age,32
A2XMFTY9WB05U6:374TNBHA8BVC1YRI105986DQU2LQYD,sex,Male
A2C25LZB76W44:36PW28KO4ZWM8D3AC3WTB36588YEAJ,age,51
A2C25LZB76W44:36PW28KO4ZWM8D3AC3WTB36588YEAJ,sex,Female
A1WZBK5PRHBW3H:34J10VATJFYQBYCDXIJ6MIJ24JOQI8,age,56
A1WZBK5PRHBW3H:34J10VATJFYQBYCDXIJ6MIJ24JOQI8,sex,Male
A2ZRF4I5RTKN7G:3RJSC4XJ10UQBHCZ906XI3OFMTO50J,age,40
A2ZRF4I5RTKN7G:3RJSC4XJ10UQBHCZ906XI3OFMTO50J,sex,Female
ANYB94DHDJKNO:3PB5A5BD0V629P13BVAX1FPRKG87G3,age,49
ANYB94DHDJKNO:3PB5A5BD0V629P13BVAX1FPRKG87G3,sex,Female
A2M83IRAP2XXRA:3VELCLL3GKJIK3Q6BVN6IKY2GF4F1B,age,29
A2M83IRAP2XXRA:3VELCLL3GKJIK3Q6BVN6IKY2GF4F1B,sex,Female
A3A8P4UR9A0DWQ:3R08VXYT7CVY6BR3Q0EFNIBFE4Y7W2,age,42
A3A8P4UR9A0DWQ:3R08VXYT7CVY6BR3Q0EFNIBFE4Y7W2,sex,Female
A3OSOSJF0NZBSE:3LEP4MGT3G0MZHU2MML50W8QQEKBDK,age,43
A3OSOSJF0NZBSE:3LEP4MGT3G0MZHU2MML50W8QQEKBDK,sex,Male
AIICJA0A5J8NF:374TNBHA8BVC1YRI105986DQU2LQYD,age,23
AIICJA0A5J8NF:374TNBHA8BVC1YRI105986DQU2LQYD,sex,Female
A5A01SUHY8BEX:3U84XHCDICD5HJEPZP0FJALN44C4Z5,age,21
A5A01SUHY8BEX:3U84XHCDICD5HJEPZP0FJALN44C4Z5,sex,Male
A1VEEZ5D9WXZIV:3B3WTRP3DB2G8EHPRDNSD7MW5NR29R,age,53
A1VEEZ5D9WXZIV:3B3WTRP3DB2G8EHPRDNSD7MW5NR29R,sex,Female
A13BZCNJ0WR1T7:3Z4GS9HPNVAJGWQ2IS63V2CYLDT774,age,34
A13BZCNJ0WR1T7:3Z4GS9HPNVAJGWQ2IS63V2CYLDT774,sex,Male
A32IRN8APZMCQ2:3QEMNNSB2XZZX5RC959PVUMU7OW7DX,age,50
A32IRN8APZMCQ2:3QEMNNSB2XZZX5RC959PVUMU7OW7DX,sex,Female
A1FS8SBR4SDWYG:3ATPCQ38J8AKEIK1C48NI6YLQK8AYZ,age,32
A1FS8SBR4SDWYG:3ATPCQ38J8AKEIK1C48NI6YLQK8AYZ,sex,Female
A3CWW9DIL73I14:3N4BPTXIO8S99M9IEUON9ZV4Z8NKUM,age,36
A3CWW9DIL73I14:3N4BPTXIO8S99M9IEUON9ZV4Z8NKUM,sex,Female
A38LEVBZ3P5F6T:3XUHV3NRVKY1MHIV78DIOVNW8AU5HP,age,29
A38LEVBZ3P5F6T:3XUHV3NRVKY1MHIV78DIOVNW8AU5HP,sex,Male
A3F8G26PENQ6EO:3C2NJ6JBKAH1XGLJSN6XV8HGACCN2F,age,29
A3F8G26PENQ6EO:3C2NJ6JBKAH1XGLJSN6XV8HGACCN2F,sex,Female
A22051NK9RQ4FV:3SNVL38CI4SDNSSIS33NFT9YS8KKCG,age,38
A22051NK9RQ4FV:3SNVL38CI4SDNSSIS33NFT9YS8KKCG,sex,Female
A2F9V69F6TZIAB:3FE2ERCCZX8F78M1V0HM6APEBW6POG,age,32
A2F9V69F6TZIAB:3FE2ERCCZX8F78M1V0HM6APEBW6POG,sex,Female
A2PP8CMYUETKL4:3DH6GAKTYYPLFQS9OWOMZZPUZ5GYZP,age,37
A2PP8CMYUETKL4:3DH6GAKTYYPLFQS9OWOMZZPUZ5GYZP,sex,Male
AYSG3J2U3UF1Y:3MTMREQS4VIGPDP1X3QZX9D5FC8AW0,age,58
AYSG3J2U3UF1Y:3MTMREQS4VIGPDP1X3QZX9D5FC8AW0,sex,Male
A12IHTKQFQIPD1:3NPI0JQDAO5VK0R9RH3L0KV1A4WTPF,age,34
A12IHTKQFQIPD1:3NPI0JQDAO5VK0R9RH3L0KV1A4WTPF,sex,Male
A3W2YF5RJ6R01N:38F71OA9GTWFGSCV4H642CM5EQHMF8,age,58
A3W2YF5RJ6R01N:38F71OA9GTWFGSCV4H642CM5EQHMF8,sex,Male
A1P0XSCJ9XAV74:333U7HK6I9FSH0SEAEYMYKR3YJDDJR,age,34
A1P0XSCJ9XAV74:333U7HK6I9FSH0SEAEYMYKR3YJDDJR,sex,Female
A2OJMQGSQBEKEQ:3UOUJI6MTDEFTM8PDD3CZT36WJFXU6,age,27
A2OJMQGSQBEKEQ:3UOUJI6MTDEFTM8PDD3CZT36WJFXU6,sex,Female
A3CQ41B74ODWUP:3Q5ZZ9ZEVOF8T6H244JCBIUX6TE58P,age,58
A3CQ41B74ODWUP:3Q5ZZ9ZEVOF8T6H244JCBIUX6TE58P,sex,Male
A265FXZGKVIXVF:3JAOYWH7VI4M903X1J5XS3L5CPW9L6,age,42
A265FXZGKVIXVF:3JAOYWH7VI4M903X1J5XS3L5CPW9L6,sex,Male
ATQ4QC76BO08G:31N2WW6R9RQEU64LYZ1P6DDZF10F3Q,age,29
ATQ4QC76BO08G:31N2WW6R9RQEU64LYZ1P6DDZF10F3Q,sex,Male
AVXEDARJC5HLU:3CFJTT4SXTQG5G7Y1JA0MR270VE7IE,age,43
AVXEDARJC5HLU:3CFJTT4SXTQG5G7Y1JA0MR270VE7IE,sex,Male
A2YANUCFN0R5P6:37XITHEISW9ZAW5DINCKG5VCO2QCRI,age,18
A2YANUCFN0R5P6:37XITHEISW9ZAW5DINCKG5VCO2QCRI,sex,Male
A3KUWPGTOFMM8W:3AUQQEL7U5T79BREFROAM1IE0J40V4,age,22
A3KUWPGTOFMM8W:3AUQQEL7U5T79BREFROAM1IE0J40V4,sex,Female
AWXIEV9H6KT9E:3SEPORI8WNZKJ8U68QA6WD7NXGTZA1,age,25
AWXIEV9H6KT9E:3SEPORI8WNZKJ8U68QA6WD7NXGTZA1,sex,Female
A36TH9MENM404D:32EYX73OY09VWQMD4EXKABHIV2UUR7,age,36
A36TH9MENM404D:32EYX73OY09VWQMD4EXKABHIV2UUR7,sex,Female
A21RPE98LFV13U:339ANSOTR5240VEIKDZ9QW7T6FEKIX,age,57
A21RPE98LFV13U:339ANSOTR5240VEIKDZ9QW7T6FEKIX,sex,Female
A3UV55HC87DO9C:3TXMY6UCAEOZYVQD58NKBFL7SGXCQQ,age,28
A3UV55HC87DO9C:3TXMY6UCAEOZYVQD58NKBFL7SGXCQQ,sex,Male
A1BSL1VC7PQR04:384PI804XS1RHJAALWJ5BEY71FLS02,age,33
A1BSL1VC7PQR04:384PI804XS1RHJAALWJ5BEY71FLS02,sex,Male
A2WYCY1FMQOD5F:3L4PIM1GQTGCDZ6IEFU9DWNVRQHRYE,age,29
A2WYCY1FMQOD5F:3L4PIM1GQTGCDZ6IEFU9DWNVRQHRYE,sex,Male
A23C9QMUOW28ZW:3O6CYIULED104M3Z387QXAPZNHLWUO,age,32
A23C9QMUOW28ZW:3O6CYIULED104M3Z387QXAPZNHLWUO,sex,Male
AYMTA837WPR41:3HYA4D452RJP9O82UZNKN3879NB2FD,age,27
AYMTA837WPR41:3HYA4D452RJP9O82UZNKN3879NB2FD,sex,Female
A2C3IB7C7HWQ1G:3VE8AYVF8MX0V3ARAGWLXULAVN3F8T,age,37
A2C3IB7C7HWQ1G:3VE8AYVF8MX0V3ARAGWLXULAVN3F8T,sex,Female
A1LQKMSG4GT8N:3JMSRU9HQIU60168NYNP7QKIUKDVEK,age,25
A1LQKMSG4GT8N:3JMSRU9HQIU60168NYNP7QKIUKDVEK,sex,Male
A1SHLWKA0UH1IS:3AZHRG4CU4KNX2PVVHI436QV90R30S,age,53
A1SHLWKA0UH1IS:3AZHRG4CU4KNX2PVVHI436QV90R30S,sex,Female
A2F2DDH12YU4AK:36U2A8VAG1ZQQVTNOVLCCK1HWZTYK0,age,35
A2F2DDH12YU4AK:36U2A8VAG1ZQQVTNOVLCCK1HWZTYK0,sex,Male
A1V9G7V6ZYACIR:3HFNH7HEMHECF76I7UJ3166MQ9XGQE,age,28
A1V9G7V6ZYACIR:3HFNH7HEMHECF76I7UJ3166MQ9XGQE,sex,Male
ABOS7T84U3WNI:3X4MXAO0BGO8OUBIZECLSZ2FGJNWRS,age,44
ABOS7T84U3WNI:3X4MXAO0BGO8OUBIZECLSZ2FGJNWRS,sex,Female
AVNW96ITB1X0W:3ZY8KE4ISJ3VX4WDWPIP179WDOLQVD,age,18
AVNW96ITB1X0W:3ZY8KE4ISJ3VX4WDWPIP179WDOLQVD,sex,Female
A1UJ5P13WJV91O:3U8YCDAGXPGF43VXTSU0GEJ6JSA0QX,age,60
A1UJ5P13WJV91O:3U8YCDAGXPGF43VXTSU0GEJ6JSA0QX,sex,Male
A2T0IG0I185HUO:3XIQGXAUMC8DVBWT05A1P1PMO95X7T,age,49
A2T0IG0I185HUO:3XIQGXAUMC8DVBWT05A1P1PMO95X7T,sex,Female
A16KMPWYUZO0M6:3DBQWDE4Y6YTWD46A68VTFKSVP25N4,age,35
A16KMPWYUZO0M6:3DBQWDE4Y6YTWD46A68VTFKSVP25N4,sex,Male
ADOVF9SBJJK33:3G0WWMR1UVKIPZN4UYWYRQFJRLPNQZ,age,32
ADOVF9SBJJK33:3G0WWMR1UVKIPZN4UYWYRQFJRLPNQZ,sex,Male
A2LF84L3K71GR2:3Z3ZLGNNSIUBLVUUCFCJICHDM42Q3Q,age,35
A2LF84L3K71GR2:3Z3ZLGNNSIUBLVUUCFCJICHDM42Q3Q,sex,Female
A34YH4SO3FPCA:3DQQ64TANGLNCHV3MM8WN420F1ZWP0,age,45
A34YH4SO3FPCA:3DQQ64TANGLNCHV3MM8WN420F1ZWP0,sex,Female
AC680ARQG8IU1:3WRFBPLXRAOQIYH2WNK2EIM8HTGN31,age,29
AC680ARQG8IU1:3WRFBPLXRAOQIYH2WNK2EIM8HTGN31,sex,Male
AO4241SMFJ95K:3BXQMRHWKZY4ZA9LZ613OCN8PGRMU9,age,34
AO4241SMFJ95K:3BXQMRHWKZY4ZA9LZ613OCN8PGRMU9,sex,Male
A2A07LB5EG953J:3B1NLC6UGZWRFV537H4E11GCLDOPG9,age,33
A2A07LB5EG953J:3B1NLC6UGZWRFV537H4E11GCLDOPG9,sex,Male
A3GEL5PWFIK05S:3TY7ZAOG5FKTT0X2GNA3KS7XKMX0KK,age,29
A3GEL5PWFIK05S:3TY7ZAOG5FKTT0X2GNA3KS7XKMX0KK,sex,Female
A1PF1V2K8C476D:3HRMW88U16QOJOX51ZNJZ5Z19RSM0B,age,18
A1PF1V2K8C476D:3HRMW88U16QOJOX51ZNJZ5Z19RSM0B,sex,Male
A2WJT2WZ7A3C71:3UNH76FOCS5LGJTQ97YSRXTLL47MYC,age,36
A2WJT2WZ7A3C71:3UNH76FOCS5LGJTQ97YSRXTLL47MYC,sex,Female
A15X0MSBZ74TFT:3I2PTA7R3TUHHT21XL4IZYYFXQXKQ4,age,48
A15X0MSBZ74TFT:3I2PTA7R3TUHHT21XL4IZYYFXQXKQ4,sex,Female
A3UFERVCN9A8IH:3TOK3KHVJTIQ12I1ZEN56OYTC5G7OE,age,20
A3UFERVCN9A8IH:3TOK3KHVJTIQ12I1ZEN56OYTC5G7OE,sex,Female
A3JRVW867JTPT9:3AQF3RZ558IDRPR3H1ZNDGPJPT66FT,age,33
A3JRVW867JTPT9:3AQF3RZ558IDRPR3H1ZNDGPJPT66FT,sex,Female
AP04ZFO641YKM:358UUM7WRZ3TYFAHR6490J3YNS3R7A,age,20
AP04ZFO641YKM:358UUM7WRZ3TYFAHR6490J3YNS3R7A,sex,Female
AB1X97ASE626Q:3AZHRG4CU4KNX2PVVHI436QV90I30J,age,38
AB1X97ASE626Q:3AZHRG4CU4KNX2PVVHI436QV90I30J,sex,Male
AP4FDDWBJW47O:3NS0A6KXC48LTZ79UQ2GSZIQVC2ZGB,age,53
AP4FDDWBJW47O:3NS0A6KXC48LTZ79UQ2GSZIQVC2ZGB,sex,Female
A0629003TXZF828GVFIT:3DY4FPOOA1OV95BD947P6XJ19ABRV3,age,39
A0629003TXZF828GVFIT:3DY4FPOOA1OV95BD947P6XJ19ABRV3,sex,Male
A18T30ATR2VLK1:3RSDURM96AMN4V1DS9A9EPOCC2NYE6,age,35
A18T30ATR2VLK1:3RSDURM96AMN4V1DS9A9EPOCC2NYE6,sex,Male
A2QUH7ZN2VHOZX:34J10VATJFYQBYCDXIJ6MIJ25MGQI7,age,28
A2QUH7ZN2VHOZX:34J10VATJFYQBYCDXIJ6MIJ25MGQI7,sex,Female
A19LVWX8ZLO6CS:3X0H8UUIT1OKP9BVE3CQI97B2LXSW3,age,36
A19LVWX8ZLO6CS:3X0H8UUIT1OKP9BVE3CQI97B2LXSW3,sex,Male
ABHCG147DZZCO:3VHHR074H3HIVHF4MM7DE7UZH0ML7M,age,19
ABHCG147DZZCO:3VHHR074H3HIVHF4MM7DE7UZH0ML7M,sex,Female
ARWF605I7RWM7:3FFJ6VRIL1O2N57EGKPR7CSKSJNI08,age,38
ARWF605I7RWM7:3FFJ6VRIL1O2N57EGKPR7CSKSJNI08,sex,Female
AMUVPW3DAO4AV:3180JW2OT4CXDNDLV8G3083BM6TJ5C,age,25
AMUVPW3DAO4AV:3180JW2OT4CXDNDLV8G3083BM6TJ5C,sex,Male
A2U5HAXPAFPPA6:38SKSKU7R1XFK1W05DBA5WK8VMKILD,age,26
A2U5HAXPAFPPA6:38SKSKU7R1XFK1W05DBA5WK8VMKILD,sex,Male
A1QIJ94TJ6FZ2W:3SB5N7Y3O34ORE1JQWPOM0F4DBNG0G,age,28
A1QIJ94TJ6FZ2W:3SB5N7Y3O34ORE1JQWPOM0F4DBNG0G,sex,Female
A3D95WOVC1R775:32XVDSJFPZXVFY0JGMRXITSG6WR2M4,age,24
A3D95WOVC1R775:32XVDSJFPZXVFY0JGMRXITSG6WR2M4,sex,Male
A3O0QZQ4V2IXT7:3IGI0VL647KF4NAOFL4U2LKJCQWONT,age,43
A3O0QZQ4V2IXT7:3IGI0VL647KF4NAOFL4U2LKJCQWONT,sex,Female
A3GWRDHAURRNK6:3OS46CRSLFZ2NMDTHG4RV2S5DULV6B,age,49
A3GWRDHAURRNK6:3OS46CRSLFZ2NMDTHG4RV2S5DULV6B,sex,Male
