debug2VYHPR:debugWWUV1D,age,18
debug2VYHPR:debugWWUV1D,sex,Male
debug7YQO84:debugJWYHHR,age,20
debug7YQO84:debugJWYHHR,sex,Female
debugF714TR:debugCE1O7S,age,21
debugF714TR:debugCE1O7S,sex,Female
A3J2CI4J5V3MLP:3R08VXYT7CVY6BR3Q0EFNIBFFGJW71,age,31
A3J2CI4J5V3MLP:3R08VXYT7CVY6BR3Q0EFNIBFFGJW71,sex,Male
A1FS8SBR4SDWYG:3M0NZ3JDP1YND2IPDUJPO2R15CT5ZM,age,32
A1FS8SBR4SDWYG:3M0NZ3JDP1YND2IPDUJPO2R15CT5ZM,sex,Female
A27NBGO9FXJS8Q:30BUDKLTXDVP27RTH75C3SQJH6KE5P,age,30
A27NBGO9FXJS8Q:30BUDKLTXDVP27RTH75C3SQJH6KE5P,sex,Male
A2HHOH92TCP7WA:3RRCEFRB7MC9ZLB9TBKCXSEKEE2B49,age,29
A2HHOH92TCP7WA:3RRCEFRB7MC9ZLB9TBKCXSEKEE2B49,sex,Female
A3VENK02U0X16N:33JKGHPFYCUR4KPC25PHAHVEHTANMC,age,31
A3VENK02U0X16N:33JKGHPFYCUR4KPC25PHAHVEHTANMC,sex,Female
A2ORPKVJKI0EIO:3QAVNHZ3EM40EJD2TPJXOYWPII9AL3,age,31
A2ORPKVJKI0EIO:3QAVNHZ3EM40EJD2TPJXOYWPII9AL3,sex,Male
A95RHRMLHT89M:3LEIZ60CDJZ6EPK1GKW60IW3R969ZD,age,23
A95RHRMLHT89M:3LEIZ60CDJZ6EPK1GKW60IW3R969ZD,sex,Male
A3QNCW3LR2AVOV:3VFJCI1K4ZZCR8LIK9836WGRM5LRGW,age,49
A3QNCW3LR2AVOV:3VFJCI1K4ZZCR8LIK9836WGRM5LRGW,sex,Male
A1I72NHC21347A:3RANCT1ZVFH8GJ5O8HBUAWCEDRYUBN,age,53
A1I72NHC21347A:3RANCT1ZVFH8GJ5O8HBUAWCEDRYUBN,sex,Female
A2O68J7PBH42MA:3NQL1CS15R8466NZNZZJETCYC7WYV2,age,49
A2O68J7PBH42MA:3NQL1CS15R8466NZNZZJETCYC7WYV2,sex,Female
A1AYYDLZ60894L:3TPWUS5F8914ISMZHHMQ343TGTKWC8,age,24
A1AYYDLZ60894L:3TPWUS5F8914ISMZHHMQ343TGTKWC8,sex,Male
A5BMKZRGHNSRT:3ZAK8W07I4E7WW2EA1E5QFGVMOCU0E,age,26
A5BMKZRGHNSRT:3ZAK8W07I4E7WW2EA1E5QFGVMOCU0E,sex,Female
A3BWF4LL3X9V22:324G5B4FB385YLQIXTLUGN2BEB570B,age,29
A3BWF4LL3X9V22:324G5B4FB385YLQIXTLUGN2BEB570B,sex,Female
A3JRVW867JTPT9:3GNCZX450INQ54S0LHC45F59NTXAPQ,age,33
A3JRVW867JTPT9:3GNCZX450INQ54S0LHC45F59NTXAPQ,sex,Female
A1V9G7V6ZYACIR:3LQ8PUHQFLSDY5DAESWCD4R1EA0HI4,age,28
A1V9G7V6ZYACIR:3LQ8PUHQFLSDY5DAESWCD4R1EA0HI4,sex,Male
A2SSTHMYQU3ITB:3QIYRE09Y3HU8V3N9J6JQP7BJKYN1R,age,69
A2SSTHMYQU3ITB:3QIYRE09Y3HU8V3N9J6JQP7BJKYN1R,sex,Male
A2U0XDH72EN978:34MAJL3QP4N4WQ7WEI56F9G8QNH344,age,32
A2U0XDH72EN978:34MAJL3QP4N4WQ7WEI56F9G8QNH344,sex,Female
A15EZCN5OCG62W:3VHHR074H3HIVHF4MM7DE7UZHBZL7L,age,28
A15EZCN5OCG62W:3VHHR074H3HIVHF4MM7DE7UZHBZL7L,sex,Male
A3OPHHRV96Y2UH:3WAKVUDHUWGLE72YV0ZE5UQIU2VU7R,age,29
A3OPHHRV96Y2UH:3WAKVUDHUWGLE72YV0ZE5UQIU2VU7R,sex,Female
A1SNC8UL8YFRH5:31T4R4OBOSGPSDLY99EEBO4CN2OC7Z,age,27
A1SNC8UL8YFRH5:31T4R4OBOSGPSDLY99EEBO4CN2OC7Z,sex,Male
A13HZKB2NGZP6B:3VBEN272MKZOSNLVZY88W6LN88SGSZ,age,24
A13HZKB2NGZP6B:3VBEN272MKZOSNLVZY88W6LN88SGSZ,sex,Female
AR4XFM7G1W0VQ:3FE7TXL1LINM0DYB8FYEZ2CLG152QG,age,39
AR4XFM7G1W0VQ:3FE7TXL1LINM0DYB8FYEZ2CLG152QG,sex,Male
A15X0MSBZ74TFT:304SM51WA34S16DKJCGUVVUQSV8SB2,age,48
A15X0MSBZ74TFT:304SM51WA34S16DKJCGUVVUQSV8SB2,sex,Female
A2V3JF5LEL7L7U:3C8HJ7UOP7ULL93V5T0B542NR9GMZU,age,68
A2V3JF5LEL7L7U:3C8HJ7UOP7ULL93V5T0B542NR9GMZU,sex,Female
A3NUYAG56BPYBB:3Z7VU45IPYHOPKH6C7HDLCEKTYNZ11,age,39
A3NUYAG56BPYBB:3Z7VU45IPYHOPKH6C7HDLCEKTYNZ11,sex,Female
A10VYQMVSHNFCV:3K3R2QNK8B3PSQQRAXXYJQHOPS39U2,age,35
A10VYQMVSHNFCV:3K3R2QNK8B3PSQQRAXXYJQHOPS39U2,sex,Female
A3OIRNX4OPUWC1:3QHK8ZVMIMI5XTIUZ3JTJ9GV06HBLY,age,29
A3OIRNX4OPUWC1:3QHK8ZVMIMI5XTIUZ3JTJ9GV06HBLY,sex,Male
A1TARNH07A75CG:3QXNC7EIPIV9C4EBCQJEUJTH98390D,age,27
A1TARNH07A75CG:3QXNC7EIPIV9C4EBCQJEUJTH98390D,sex,Male
A1WZG14RY8CSOF:3CP1TO84PT1X7RFDONAB1RHUKA425Z,age,32
A1WZG14RY8CSOF:3CP1TO84PT1X7RFDONAB1RHUKA425Z,sex,Male
A1PKCBFB4QY19G:3K772S5NP8B1I0BOI96LSPT9MMMHEY,age,26
A1PKCBFB4QY19G:3K772S5NP8B1I0BOI96LSPT9MMMHEY,sex,Female
A34XULBZ8UVPMG:3PZDLQMM0TLI6COS3XXJFXN4CRQ2C7,age,23
A34XULBZ8UVPMG:3PZDLQMM0TLI6COS3XXJFXN4CRQ2C7,sex,Female
A3VSW2MUPGBR8B:3LYA37P8IQNUDN0CE37S493GB6CBKV,age,25
A3VSW2MUPGBR8B:3LYA37P8IQNUDN0CE37S493GB6CBKV,sex,Female
A2GKN52YJ2MEPZ:3BDCF01OGXU1A1B59VXDRKEWLFZLYN,age,36
A2GKN52YJ2MEPZ:3BDCF01OGXU1A1B59VXDRKEWLFZLYN,sex,Male
AXNPHDXV1GK6Y:35GCEFQ6I5OKZNVLZBVW95THRNG3ZM,age,28
AXNPHDXV1GK6Y:35GCEFQ6I5OKZNVLZBVW95THRNG3ZM,sex,Male
AX6F7AC21GC4J:3B2X28YI3WFNE8FNCZDRUQYYABT6BM,age,30
AX6F7AC21GC4J:3B2X28YI3WFNE8FNCZDRUQYYABT6BM,sex,Male
A16VVUOYE2BK22:3EWIJTFFVO7Q705SK1Z0MXUS05NE0W,age,29
A16VVUOYE2BK22:3EWIJTFFVO7Q705SK1Z0MXUS05NE0W,sex,Male
A1IS0218RVG60K:33UKMF9319KTCSKG8YC55UWY0Q8TTE,age,39
A1IS0218RVG60K:33UKMF9319KTCSKG8YC55UWY0Q8TTE,sex,Female
AGE293Z7MXEDG:3SB4CE2TJVVVEDUR78MLZSRCPXCXAH,age,33
AGE293Z7MXEDG:3SB4CE2TJVVVEDUR78MLZSRCPXCXAH,sex,Male
A2G4G3QXFP4WSZ:3EJPLAJKEMGJW6I3IDTUG8511EE6ZR,age,35
A2G4G3QXFP4WSZ:3EJPLAJKEMGJW6I3IDTUG8511EE6ZR,sex,Male
AQ9Y6WD8O72ZC:3U0SRXB7CD5I10247DLYWGPONNUNRZ,age,28
AQ9Y6WD8O72ZC:3U0SRXB7CD5I10247DLYWGPONNUNRZ,sex,Female
A1QX1RYLCFXZJ9:3907X2AHF05101XW82JPZXMBBAOP2R,age,37
A1QX1RYLCFXZJ9:3907X2AHF05101XW82JPZXMBBAOP2R,sex,Female
A2ONILC0LZKG6Y:3ITXP059PWJYJPBW74TBTJD305OJSV,age,43
A2ONILC0LZKG6Y:3ITXP059PWJYJPBW74TBTJD305OJSV,sex,Female
A2KR0B9H93THZS:3Q5ZZ9ZEVOF8T6H244JCBIUX6AM58V,age,20
A2KR0B9H93THZS:3Q5ZZ9ZEVOF8T6H244JCBIUX6AM58V,sex,Female
A2J8IMRYEO6ZIM:3A7Y0R2P2OO6F6XV1EZYSRUVFKQJX3,age,44
A2J8IMRYEO6ZIM:3A7Y0R2P2OO6F6XV1EZYSRUVFKQJX3,sex,Female
A2R3Z7QGL4HO5N:3U5NZHP4LR25FR0ERNMWM1SD0THHPC,age,22
A2R3Z7QGL4HO5N:3U5NZHP4LR25FR0ERNMWM1SD0THHPC,sex,Female
A250FES5PFCGK9:3MRNMEIQW56YCQGEDZAZEZ4V3RNDL1,age,36
A250FES5PFCGK9:3MRNMEIQW56YCQGEDZAZEZ4V3RNDL1,sex,Male
A3N3DEAOEYY5WU:3CP1TO84PT1X7RFDONAB1RHUKAY25T,age,46
A3N3DEAOEYY5WU:3CP1TO84PT1X7RFDONAB1RHUKAY25T,sex,Female
A2YVC1U50H2B4R:3KB8R4ZV1E7PB14TOCMD6HBN4QSBGR,age,30
A2YVC1U50H2B4R:3KB8R4ZV1E7PB14TOCMD6HBN4QSBGR,sex,Female
A1LB9JOMFQ1UMG:3UJ1CZ6IZHPQCQWBI2PHS9UYI5YS5P,age,26
A1LB9JOMFQ1UMG:3UJ1CZ6IZHPQCQWBI2PHS9UYI5YS5P,sex,Female
A20SL254675EOK:3B837J3LDOWFHDU9F92KVAZUANNRS2,age,25
A20SL254675EOK:3B837J3LDOWFHDU9F92KVAZUANNRS2,sex,Male
AYMTA837WPR41:373ERPL3YO8GWD7O497A5FVGC7GRT8,age,27
AYMTA837WPR41:373ERPL3YO8GWD7O497A5FVGC7GRT8,sex,Female
A2GG7HIO2OIXUR:3B837J3LDOWFHDU9F92KVAZUAO2RSJ,age,29
A2GG7HIO2OIXUR:3B837J3LDOWFHDU9F92KVAZUAO2RSJ,sex,Female
A2Y9ZNZ0F24GHB:3L4PIM1GQTGCDZ6IEFU9DWNVR9YYR4,age,27
A2Y9ZNZ0F24GHB:3L4PIM1GQTGCDZ6IEFU9DWNVR9YYR4,sex,Female
A22NE60PJ6SIGY:3JV9LGBJWTE9UVT2SHRZC1BMBQSOGR,age,43
A22NE60PJ6SIGY:3JV9LGBJWTE9UVT2SHRZC1BMBQSOGR,sex,Male
AOWY4TEB0UCMX:3GA6AFUKOOOY82VRTPPP9YPCVZEH3T,age,38
AOWY4TEB0UCMX:3GA6AFUKOOOY82VRTPPP9YPCVZEH3T,sex,Female
